{"designerVersion":"1.3.25","favorite":false,"id":"c683b950-4738-4ac3-8914-b283ff8b0041","name":"pieChart","type":"form","lastUpdate":1477947314097,"rows":[[{"type":"container","dimension":{"xs":12},"propertyValues":{"cssClasses":{"type":"constant","value":""},"hidden":{"type":"constant","value":false},"repeatedCollection":{"type":"variable"}},"reference":"485df6b1-1187-4798-9974-46c0a38ed4bc","rows":[[{"type":"component","dimension":{"xs":12},"propertyValues":{"alignment":{"type":"constant","value":"center"},"text":{"type":"interpolation","value":"{{ task.displayName }}"},"dimension":{"type":"constant","value":12},"level":{"type":"constant","value":"Level 1"},"isDisplayed":{"type":"constant","value":true},"widgetId":{"type":"constant","value":"pbTitle"},"labelHidden":{"type":"constant","value":false},"class":{"type":"constant","value":"org.bonitasoft.web.designer.experimental.parametrizedWidget.TitleWidget"},"label":{"type":"constant"},"readonly":{"type":"constant","value":false},"cssClasses":{"type":"constant","value":""}},"reference":"45aefaf9-3423-49d3-99b4-787bccc66127","id":"pbTitle"}],[{"type":"component","dimension":{"xs":12},"propertyValues":{"alignment":{"type":"constant","value":"left"},"text":{"type":"interpolation","value":"{{ task.displayDescription }}"},"dimension":{"type":"constant","value":12},"isDisplayed":{"type":"constant","value":true},"widgetId":{"type":"constant","value":"pbText"},"labelHidden":{"type":"constant","value":false},"class":{"type":"constant","value":"org.bonitasoft.web.designer.experimental.parametrizedWidget.TextWidget"},"label":{"type":"constant"},"readonly":{"type":"constant","value":false},"cssClasses":{"type":"constant","value":""},"hidden":{"type":"constant","value":false}},"reference":"321d1a07-c55f-45f3-9661-3fcc0a7437a5","id":"pbText"}],[{"type":"component","dimension":{"xs":12},"propertyValues":{"cssClasses":{"type":"constant","value":""},"hidden":{"type":"constant","value":false},"value":{"type":"constant","value":"This is the initial value"},"color":{"type":"constant","value":"RebeccaPurple"},"background":{"type":"constant","value":"Yellow"},"chartColumns":{"type":"expression","value":"columns"},"chartData":{"type":"expression","value":"chartData"},"chartOptions":{"type":"expression","value":"chartOptions"}},"reference":"f102fa06-43d6-4732-84b7-f8493f17fa60","id":"customGoogleChart"}],[{"type":"component","dimension":{"xs":12},"propertyValues":{"cssClasses":{"type":"constant","value":""},"hidden":{"type":"constant","value":false},"text":{"type":"interpolation","value":"{{context}}"},"alignment":{"type":"constant","value":"left"}},"reference":"c58ec4d9-6660-4045-98d9-b922aeb2c1c4","id":"pbText"}]]}],[{"type":"formContainer","dimension":{"xs":12},"propertyValues":{},"reference":"7f466d72-0d3d-4a95-9210-b5e89cb2d72e","container":{"type":"container","dimension":{"xs":12},"propertyValues":{},"reference":"c1a7296a-adf2-49fa-bacf-83d0a55cd05f","rows":[[{"type":"component","dimension":{"xs":12},"propertyValues":{"removeItem":{"type":"variable"},"alignment":{"type":"constant","value":"center"},"isDisplayed":{"type":"constant","value":true},"targetUrlOnSuccess":{"type":"interpolation","value":"/bonita"},"class":{"type":"constant","value":"org.bonitasoft.web.designer.experimental.parametrizedWidget.ButtonWidget"},"label":{"type":"constant","value":"Submit"},"collectionPosition":{"type":"constant"},"buttonStyle":{"type":"constant","value":"primary"},"dimension":{"type":"constant","value":12},"valueToAdd":{"type":"expression"},"collectionToModify":{"type":"variable"},"widgetId":{"type":"constant","value":"pbButton"},"labelHidden":{"type":"constant","value":false},"action":{"type":"constant","value":"Submit task"},"dataToSend":{"type":"expression","value":"formOutput"},"readonly":{"type":"constant","value":false},"disabled":{"type":"expression","value":"$form.$invalid"},"cssClasses":{"type":"constant","value":""}},"reference":"1a6cd730-282c-42af-b760-10689729fe32","id":"pbButton"}]]}}]],"assets":[],"inactiveAssets":[],"data":{"taskId":{"type":"urlparameter","value":"id","exposed":false},"formOutput":{"type":"expression","value":"return {\n\n};","exposed":false},"task":{"type":"url","value":"../API/bpm/userTask/{{taskId}}","exposed":false},"context":{"type":"url","value":"../API/bpm/userTask/{{taskId}}/context","exposed":false},"formInput":{"type":"json","value":"{ }","exposed":false},"columns":{"type":"json","value":"[\"Toppings\",\"Slices\"]","exposed":false},"chartData":{"type":"json","value":"[  [\"Mushrooms\", 3],\r\n   [\"Onions\", 1],\r\n   [\"Olives\", 1], \r\n   [\"Zucchini\", 1],\r\n   [\"Pepperoni\", 2]\r\n]","exposed":false},"chartOptions":{"type":"json","value":"{\"title\":\"How Much Pizza I Ate Last Night\",\n                       \"width\":400,\n                       \"height\":300}","exposed":false}}}