{"designerVersion":"1.3.25","favorite":false,"id":"customGoogleChart","name":"googleChart","lastUpdate":1477947277695,"template":"<!-- The custom widget template is defined here\n   - You can use standard HTML tags and AngularJS built-in directives, scope and interpolation system\n   - Custom widget properties defined on the right can be used as variables in a templates with properties.newProperty\n   - Functions exposed in the controller can be used with ctrl.newFunction()\n   - You can use the 'environment' property injected in the scope when inside the Editor whiteboard. It allows to define a mockup\n     of the Custom Widget to be displayed in the whiteboard only. By default the widget is represented by an auto-generated icon\n     and its name (See the <span> below).\n-->\n \n<span ng-if=\"environment\"><identicon name=\"{{environment.component.id}}\" size=\"30\" background-color=\"[255,255,255, 0]\" foreground-color=\"[51,51,51]\"></identicon> {{environment.component.name}}</span>\n    <!--Div that will hold the pie chart-->\n    <div id=\"chart_div\"></div>\n","controller":"/**\n * The controller is a JavaScript function that augments the AngularJS scope and exposes functions that can be used in the custom widget template\n * \n * Custom widget properties defined on the right can be used as variables in a controller with $scope.properties\n * To use AngularJS standard services, you must declare them in the main function arguments.\n * \n * You can leave the controller empty if you do not need it.\n */\nfunction ($scope) {\n    // Load the Visualization API and the corechart package.\n      google.charts.load('current', {'packages':['corechart']});\n\n      // Set a callback to run when the Google Visualization API is loaded.\n      google.charts.setOnLoadCallback(drawChart);\n\n      // Callback that creates and populates a data table,\n      // instantiates the pie chart, passes in the data and\n      // draws it.\n      function drawChart() {\n\n        // Create the data table.\n        var data = new google.visualization.DataTable();\n        data.addColumn(\"string\",$scope.properties.chartColumns[0]);\n        data.addColumn(\"number\",$scope.properties.chartColumns[1]);\n        data.addRows($scope.properties.chartData);  \n           \n        \n\n        // Set chart options\n        var options = $scope.properties.chartOptions;\n\n        // Instantiate and draw our chart, passing in some options.\n        var chart = new google.visualization.PieChart(document.getElementById('chart_div'));\n        chart.draw(data, options);\n      }\n}","custom":true,"properties":[{"label":"Chart Columns","name":"chartColumns","help":"Enter the Data columns to display the chart","type":"text","bond":"expression"},{"label":"Chart Data","name":"chartData","help":"Data to be displayed in a chart","type":"text","bond":"expression"},{"label":"Options for the chart","name":"chartOptions","type":"text","bond":"expression"}],"assets":[{"id":"8784d7de-d6f5-427b-94d1-d8c740f07a3d","name":"loader.js","type":"js","order":1,"external":false}],"type":"widget"}